report_id,expected_workload,reason_category
rotoballer_207073,low,unknown
rotoballer_203497,low,injury
rotoballer_209773,low,injury
rotoballer_204845,low,injury
rotoballer_204717,low,performance
rotoballer_204576,low,performance
rotoballer_204516,low,performance
rotoballer_204379,high,injury
rotoballer_204127,medium,performance
rotoballer_204065,medium,injury
rotoballer_204034,low,performance
rotoballer_203870,medium,injury
rotoballer_203814,medium,injury
rotoballer_203761,high,injury
rotoballer_203977,low,performance
rotoballer_203461,low,performance
rotoballer_202087,low,injury
rotoballer_206385,low,injury
rotoballer_208341,low,injury
rotoballer_208176,low,injury
rotoballer_207333,low,injury
rotoballer_205861,low,injury
rotoballer_205206,low,injury
rotoballer_203841,low,injury
rotoballer_203363,low,injury
rotoballer_203206,low,injury
rotoballer_203099,low,injury
rotoballer_202918,unknown,injury
rotoballer_202605,low,injury
rotoballer_201923,low,injury
rotoballer_201842,low,injury
rotoballer_201301,low,injury
rotoballer_211939,medium,injury
rotoballer_211930,high,injury
rotoballer_211890,low,injury
rotoballer_211795,high,injury
rotoballer_211553,high,performance
rotoballer_211338,low,injury
rotoballer_211252,high,injury
rotoballer_211228,medium,injury
rotoballer_211221,high,injury
rotoballer_211143,high,injury
rotoballer_211096,high,injury
rotoballer_211080,high,injury
rotoballer_210946,high,performance
rotoballer_210901,high,injury
rotoballer_210855,high,injury
rotoballer_210764,low,injury
rotoballer_210592,low,injury
rotoballer_210540,medium,injury
rotoballer_210478,low,injury
rotoballer_210457,low,injury
rotoballer_210388,low,injury
rotoballer_209938,high,performance
rotoballer_209872,medium,injury
rotoballer_209784,high,injury
rotoballer_207710,high,performance
rotoballer_207410,high,performance
rotoballer_207359,high,performance
rotoballer_207161,high,performance
rotoballer_206533,high,performance
rotoballer_206211,high,performance
rotoballer_206153,medium,injury
rotoballer_206067,high,performance
rotoballer_205541,high,performance
rotoballer_205476,high,injury
rotoballer_205396,low,injury
rotoballer_205286,high,performance
rotoballer_205170,medium,injury
rotoballer_205123,high,performance
rotoballer_205118,unknown,injury
rotoballer_205069,unknown,injury
rotoballer_204826,high,injury
rotoballer_204766,high,injury
rotoballer_204688,high,injury
rotoballer_204594,high,performance
rotoballer_204452,high,performance
rotoballer_204113,high,opponent
rotoballer_203919,high,opponent
rotoballer_203072,high,performance
rotoballer_202754,unknown,unknown
rotoballer_202746,high,performance
rotoballer_202747,high,performance
rotoballer_202560,low,injury
rotoballer_202464,medium,performance
rotoballer_202028,high,injury
rotoballer_201961,unknown,injury
rotoballer_201902,high,injury
rotoballer_201798,high,performance
rotoballer_201304,high,performance
rotoballer_201227,unknown,unknown
rotoballer_201223,high,performance
rotoballer_211070,low,injury
rotoballer_210637,low,injury
rotoballer_210210,medium,injury
rotoballer_202080,low,performance
rotoballer_201584,low,performance
rotoballer_205179,low,injury
rotoballer_204827,low,injury
rotoballer_203422,low,opponent
rotoballer_211054,medium,injury
rotoballer_208540,low,performance
rotoballer_212071,low,opponent
rotoballer_211663,low,opponent
rotoballer_211472,low,performance
rotoballer_210696,medium,injury
rotoballer_210308,low,injury
rotoballer_209334,low,performance
rotoballer_209176,low,performance
rotoballer_208613,low,performance
rotoballer_207642,low,performance
rotoballer_207532,low,performance
rotoballer_207091,low,opponent
rotoballer_206720,low,performance
rotoballer_206650,medium,unknown
rotoballer_206103,high,unknown
rotoballer_205845,medium,performance
rotoballer_205616,medium,injury
rotoballer_205347,medium,unknown
rotoballer_205275,low,injury
rotoballer_204907,low,performance
rotoballer_204785,medium,injury
rotoballer_204294,low,opponent
rotoballer_203758,low,injury
rotoballer_203663,medium,injury
rotoballer_203597,high,injury
rotoballer_203386,high,injury
rotoballer_203308,medium,injury
rotoballer_212176,low,opponent
rotoballer_212040,medium,opponent
rotoballer_211700,unknown,unknown
rotoballer_211657,low,performance
rotoballer_211537,low,performance
rotoballer_211421,low,performance
rotoballer_210733,medium,performance
rotoballer_210312,low,opponent
rotoballer_210082,low,opponent
rotoballer_209705,low,opponent
rotoballer_209427,low,performance
rotoballer_208900,medium,performance
rotoballer_208629,low,opponent
rotoballer_208390,high,opponent
rotoballer_208137,low,opponent
rotoballer_207374,medium,performance
rotoballer_206648,medium,unknown
rotoballer_206100,medium,unknown
rotoballer_205932,medium,performance
rotoballer_205857,medium,performance
rotoballer_205592,low,performance
rotoballer_204963,medium,performance
rotoballer_204625,medium,performance
rotoballer_204204,low,performance
rotoballer_204035,medium,performance
rotoballer_203804,low,performance
rotoballer_203615,medium,injury
rotoballer_203496,low,injury
rotoballer_203416,low,injury
rotoballer_203404,low,injury
rotoballer_203345,low,injury
rotoballer_212196,high,unknown
rotoballer_212036,high,opponent
rotoballer_211654,high,performance
rotoballer_210676,high,opponent
rotoballer_210104,medium,performance
rotoballer_209376,low,performance
rotoballer_209060,medium,performance
rotoballer_208856,high,injury
rotoballer_208796,high,performance
rotoballer_208643,medium,opponent
rotoballer_208183,low,performance
rotoballer_207899,high,opponent
rotoballer_206869,high,performance
rotoballer_206806,medium,performance
rotoballer_206534,low,opponent
rotoballer_206398,high,opponent
rotoballer_204807,high,opponent
rotoballer_204670,high,performance
rotoballer_204475,medium,opponent
rotoballer_204157,high,performance
rotoballer_203781,high,performance
rotoballer_203510,high,performance
rotoballer_208444,low,injury
rotoballer_207811,low,injury
rotoballer_207394,medium,injury
rotoballer_206629,low,injury
rotoballer_206302,medium,injury
rotoballer_206118,medium,injury
rotoballer_205724,high,injury
rotoballer_205495,high,injury
rotoballer_205337,unknown,unknown
rotoballer_205183,high,injury
rotoballer_204947,low,performance
rotoballer_204626,medium,performance
rotoballer_204224,low,unknown
rotoballer_203844,low,performance
rotoballer_203641,medium,unknown
rotoballer_203337,low,performance
rotoballer_212085,high,performance
rotoballer_211376,high,injury
rotoballer_211364,high,opponent
rotoballer_211041,high,performance
rotoballer_210875,high,performance
rotoballer_210825,high,injury
rotoballer_210744,high,injury
rotoballer_210537,high,injury
rotoballer_210455,low,injury
rotoballer_210241,low,injury
rotoballer_210175,low,injury
rotoballer_210159,unknown,injury
rotoballer_209960,high,performance
rotoballer_209530,high,performance
rotoballer_209236,high,performance
rotoballer_208986,high,performance
rotoballer_207981,high,performance
rotoballer_207761,high,performance
rotoballer_207245,high,performance
rotoballer_206972,high,injury
rotoballer_206162,high,performance
rotoballer_206095,high,performance
rotoballer_205573,high,performance
rotoballer_205366,high,performance
rotoballer_204868,high,performance
rotoballer_204448,high,performance
rotoballer_204171,high,performance
rotoballer_203551,high,opponent
rotoballer_211906,low,injury
rotoballer_211515,low,performance
rotoballer_211299,medium,injury
rotoballer_211052,low,injury
rotoballer_210618,low,performance
rotoballer_209817,low,performance
rotoballer_209800,low,performance
rotoballer_209657,low,performance
rotoballer_208983,low,performance
rotoballer_208644,low,performance
rotoballer_206695,low,unknown
rotoballer_207415,low,unknown
rotoballer_203908,low,performance
rotoballer_212140,low,opponent
rotoballer_211709,low,opponent
rotoballer_211487,high,opponent
rotoballer_211230,medium,opponent
rotoballer_210987,medium,opponent
rotoballer_210755,medium,performance
rotoballer_209745,medium,injury
rotoballer_209576,medium,performance
rotoballer_209321,medium,opponent
rotoballer_208897,medium,opponent
rotoballer_208687,high,opponent
rotoballer_208480,high,performance
rotoballer_208075,medium,opponent
rotoballer_207790,high,opponent
rotoballer_207666,high,performance
rotoballer_207603,high,performance
rotoballer_207503,high,injury
rotoballer_207305,high,opponent
rotoballer_207029,high,opponent
rotoballer_206904,high,performance
rotoballer_206834,high,injury
rotoballer_206756,high,performance
rotoballer_206751,low,injury
rotoballer_206743,low,injury
rotoballer_206513,high,performance
rotoballer_206288,high,performance
rotoballer_206201,high,performance
rotoballer_206168,high,performance
rotoballer_206031,high,performance
rotoballer_205863,high,performance
rotoballer_205833,medium,performance
rotoballer_205586,medium,opponent
rotoballer_205029,medium,injury
rotoballer_204808,high,injury
rotoballer_204671,medium,injury
rotoballer_204565,high,injury
rotoballer_204441,medium,injury
rotoballer_204258,high,performance
rotoballer_203836,high,injury
rotoballer_203776,high,injury
rotoballer_203757,medium,injury
rotoballer_203709,high,performance
rotoballer_203659,high,injury
rotoballer_203375,high,injury
rotoballer_202985,low,opponent
rotoballer_202455,low,performance
rotoballer_212145,low,opponent
rotoballer_211705,low,opponent
rotoballer_211489,low,performance
rotoballer_211419,low,opponent
rotoballer_210753,medium,performance
rotoballer_210550,medium,performance
rotoballer_210220,medium,unknown
rotoballer_209746,medium,performance
rotoballer_209690,low,opponent
rotoballer_209586,medium,performance
rotoballer_209525,medium,performance
rotoballer_209320,low,unknown
rotoballer_208916,low,performance
rotoballer_208690,low,injury
rotoballer_207801,low,performance
rotoballer_207789,low,performance
rotoballer_207033,low,performance
rotoballer_206569,low,performance
rotoballer_206289,low,performance
rotoballer_206009,low,performance
rotoballer_205832,low,opponent
rotoballer_205588,medium,opponent
rotoballer_205200,medium,performance
rotoballer_212288,medium,opponent
rotoballer_211204,high,performance
rotoballer_210715,medium,performance
rotoballer_210037,medium,performance
rotoballer_209864,medium,injury
rotoballer_209778,high,injury
rotoballer_209728,medium,performance
rotoballer_209721,high,performance
rotoballer_209599,medium,injury
rotoballer_209503,low,injury
rotoballer_209502,low,injury
rotoballer_209353,medium,opponent
rotoballer_208666,medium,opponent
rotoballer_208053,high,performance
rotoballer_207868,medium,opponent
rotoballer_207272,medium,performance
rotoballer_207136,high,opponent
rotoballer_206535,high,performance
rotoballer_206352,medium,opponent
rotoballer_204983,high,performance
rotoballer_204473,medium,performance
rotoballer_204201,high,opponent
rotoballer_203364,high,performance
rotoballer_202372,low,performance
rotoballer_201792,low,performance
rotoballer_210368,low,injury
rotoballer_210267,unknown,injury
rotoballer_210218,unknown,injury
rotoballer_210131,low,injury
rotoballer_209998,low,injury
rotoballer_209909,low,injury
rotoballer_209831,low,injury
rotoballer_209744,low,injury
rotoballer_209733,low,injury
rotoballer_209729,medium,injury
rotoballer_209556,low,injury
rotoballer_209185,low,injury
rotoballer_209139,low,injury
rotoballer_209084,medium,injury
rotoballer_209050,low,injury
rotoballer_209017,low,injury
rotoballer_208824,low,injury
rotoballer_208471,low,injury
rotoballer_208422,low,injury
rotoballer_208370,low,injury
rotoballer_208241,unknown,injury
rotoballer_208225,unknown,injury
rotoballer_208069,unknown,injury
rotoballer_207569,low,injury
rotoballer_207477,low,injury
rotoballer_207464,high,injury
rotoballer_207288,high,injury
rotoballer_206880,low,injury
rotoballer_206769,low,injury
rotoballer_206711,unknown,injury
rotoballer_206567,low,injury
rotoballer_206431,low,injury
rotoballer_205917,low,injury
rotoballer_205115,low,injury
rotoballer_209447,low,injury
rotoballer_208750,unknown,injury
rotoballer_212037,medium,unknown
rotoballer_211963,high,performance
rotoballer_211769,unknown,injury
rotoballer_211505,high,opponent
rotoballer_211015,medium,performance
rotoballer_210975,low,injury
rotoballer_210871,medium,performance
rotoballer_210748,medium,opponent
rotoballer_209979,high,opponent
rotoballer_209695,medium,opponent
rotoballer_209382,high,opponent
rotoballer_208976,medium,injury
rotoballer_208685,high,injury
rotoballer_208478,medium,injury
rotoballer_208354,medium,injury
rotoballer_208347,low,injury
rotoballer_208265,low,injury
rotoballer_208173,medium,injury
rotoballer_208068,unknown,injury
rotoballer_207804,high,performance
rotoballer_207393,medium,performance
rotoballer_207009,high,performance
rotoballer_206543,high,performance
rotoballer_206369,medium,opponent
rotoballer_205986,medium,opponent
rotoballer_205693,medium,opponent
rotoballer_204777,medium,performance
rotoballer_204686,high,opponent
rotoballer_204605,medium,performance
rotoballer_206384,low,injury
rotoballer_211970,medium,opponent
rotoballer_211562,medium,opponent
rotoballer_210731,high,opponent
rotoballer_210056,medium,performance
rotoballer_209591,medium,performance
rotoballer_209068,high,opponent
rotoballer_208782,high,opponent
rotoballer_208607,high,opponent
rotoballer_208042,high,performance
rotoballer_207831,medium,opponent
rotoballer_207071,low,opponent
rotoballer_206163,high,performance
rotoballer_206092,high,performance
rotoballer_205662,high,performance
rotoballer_204269,low,opponent
rotoballer_203601,high,opponent
rotoballer_202885,unknown,unknown
rotoballer_202593,high,performance
rotoballer_202433,high,opponent
rotoballer_202247,high,performance
rotoballer_201424,high,performance
rotoballer_201078,high,performance
rotoballer_211448,low,performance
rotoballer_211347,medium,opponent
rotoballer_210574,low,performance
rotoballer_210173,medium,performance
rotoballer_210020,low,injury
rotoballer_209934,medium,opponent
rotoballer_209803,high,injury
rotoballer_209566,medium,injury
rotoballer_209222,low,performance
rotoballer_209177,low,injury
rotoballer_208453,low,performance
rotoballer_207796,low,performance
rotoballer_207728,low,injury
rotoballer_206957,medium,injury
rotoballer_206685,low,injury
rotoballer_206227,low,opponent
rotoballer_205499,low,performance
rotoballer_205405,medium,injury
rotoballer_205235,medium,injury
rotoballer_204824,high,injury
rotoballer_203696,unknown,unknown
rotoballer_203428,medium,injury
rotoballer_212161,low,opponent
rotoballer_211524,medium,opponent
rotoballer_211046,unknown,unknown
rotoballer_210418,medium,performance
rotoballer_210280,medium,performance
rotoballer_210070,low,opponent
rotoballer_209692,low,opponent
rotoballer_209445,medium,opponent
rotoballer_208919,medium,performance
rotoballer_208671,low,opponent
rotoballer_208394,low,opponent
rotoballer_208127,medium,performance
rotoballer_207900,medium,opponent
rotoballer_207492,unknown,unknown
rotoballer_207295,medium,performance
rotoballer_207229,low,performance
rotoballer_207134,low,opponent
rotoballer_206379,low,opponent
rotoballer_206267,medium,performance
rotoballer_205915,low,performance
rotoballer_205772,medium,opponent
rotoballer_205661,low,injury
rotoballer_205532,unknown,injury
rotoballer_205402,low,injury
rotoballer_205062,medium,performance
rotoballer_204556,low,performance
rotoballer_204329,low,opponent
rotoballer_211922,low,performance
rotoballer_211899,low,injury
rotoballer_211876,low,injury
rotoballer_211866,low,injury
rotoballer_211418,low,opponent
rotoballer_211134,low,performance
rotoballer_210972,low,performance
rotoballer_210662,low,opponent
rotoballer_209882,medium,performance
rotoballer_209783,low,opponent
rotoballer_209181,low,opponent
rotoballer_209085,low,opponent
rotoballer_208842,low,performance
rotoballer_208567,medium,opponent
rotoballer_208279,medium,opponent
rotoballer_207778,medium,opponent
rotoballer_207346,low,opponent
rotoballer_206995,medium,performance
rotoballer_206578,medium,performance
rotoballer_206278,low,opponent
rotoballer_205282,low,performance
rotoballer_205072,medium,performance
rotoballer_204568,medium,performance
rotoballer_204133,medium,opponent
rotoballer_203743,medium,performance
rotoballer_203426,medium,opponent
rotoballer_202809,low,opponent
rotoballer_202425,medium,performance
rotoballer_202251,medium,opponent
rotoballer_201736,medium,performance
rotoballer_201339,low,performance
rotoballer_212125,high,performance
rotoballer_211572,high,performance
rotoballer_210640,medium,opponent
rotoballer_210326,high,injury
rotoballer_210058,high,performance
rotoballer_209544,high,performance
rotoballer_209361,high,performance
rotoballer_208814,high,performance
rotoballer_208469,high,performance
rotoballer_207224,high,performance
rotoballer_207062,high,opponent
rotoballer_206697,high,opponent
rotoballer_206327,high,opponent
rotoballer_205819,high,performance
rotoballer_205637,high,performance
rotoballer_205147,high,opponent
rotoballer_204872,high,performance
rotoballer_204456,high,performance
rotoballer_204253,high,performance
rotoballer_203711,high,performance
rotoballer_203560,high,performance
rotoballer_202860,medium,opponent
rotoballer_202314,high,performance
rotoballer_202197,high,performance
rotoballer_201653,high,performance
rotoballer_201487,high,opponent
rotoballer_201105,high,injury
rotoballer_201029,low,injury
rotoballer_211854,high,performance
rotoballer_211706,high,performance
rotoballer_211529,medium,performance
rotoballer_211161,high,injury
rotoballer_211123,high,injury
rotoballer_211099,unknown,injury
rotoballer_210951,high,performance
rotoballer_210806,high,performance
rotoballer_210454,high,performance
rotoballer_209902,medium,performance
rotoballer_209124,medium,performance
rotoballer_208331,high,performance
rotoballer_207952,high,injury
rotoballer_207517,high,injury
rotoballer_207413,high,injury
rotoballer_206877,medium,performance
rotoballer_206802,medium,performance
rotoballer_205820,low,opponent
rotoballer_205764,low,performance
rotoballer_203525,low,performance
rotoballer_212084,low,injury
rotoballer_211366,low,performance
rotoballer_211023,low,injury
rotoballer_210827,low,injury
rotoballer_210207,low,injury
rotoballer_209968,low,performance
rotoballer_209707,low,performance
rotoballer_209240,low,performance
rotoballer_208961,medium,performance
rotoballer_208126,low,performance
rotoballer_208000,medium,performance
rotoballer_207762,low,injury
rotoballer_207653,medium,injury
rotoballer_207585,low,injury
rotoballer_207222,low,performance
rotoballer_206973,low,injury
rotoballer_206852,low,injury
rotoballer_206787,low,injury
rotoballer_206262,low,injury
rotoballer_206159,low,injury
rotoballer_206098,low,performance
rotoballer_205926,medium,performance
rotoballer_205580,low,unknown
rotoballer_204887,low,performance
rotoballer_204173,low,performance
rotoballer_203548,low,performance
rotoballer_211470,low,performance
rotoballer_209327,low,performance
rotoballer_207798,low,injury
rotoballer_207174,low,injury
rotoballer_206813,medium,injury
rotoballer_206736,medium,injury
rotoballer_203620,low,performance
rotoballer_211743,low,performance
rotoballer_211482,medium,injury
rotoballer_211213,medium,injury
rotoballer_210991,low,injury
rotoballer_210814,low,performance
rotoballer_211946,low,injury
rotoballer_211692,high,injury
rotoballer_211680,low,injury
rotoballer_211453,medium,injury
rotoballer_211227,high,injury
rotoballer_211088,high,performance
rotoballer_210964,unknown,injury
rotoballer_209325,low,performance
rotoballer_208201,low,injury
rotoballer_206975,low,injury
rotoballer_205993,low,unknown
rotoballer_212045,high,performance
rotoballer_212046,high,performance
rotoballer_211392,high,performance
rotoballer_211258,high,performance
rotoballer_211154,high,performance
rotoballer_211103,high,performance
rotoballer_210765,high,performance
rotoballer_210284,high,performance
rotoballer_209992,medium,performance
rotoballer_209103,low,injury
rotoballer_209104,high,injury
rotoballer_209030,medium,injury
rotoballer_208968,low,injury
rotoballer_208545,high,performance
rotoballer_207767,high,performance
rotoballer_207768,high,opponent
rotoballer_207361,medium,performance
rotoballer_207152,high,performance
rotoballer_207002,high,performance
rotoballer_206863,high,performance
rotoballer_206843,high,injury
rotoballer_205796,high,performance
rotoballer_205793,low,injury
rotoballer_205599,high,performance
rotoballer_204874,high,opponent
rotoballer_203975,high,opponent
rotoballer_203953,high,performance
rotoballer_203881,medium,performance
rotoballer_203792,low,injury
rotoballer_203741,medium,performance
rotoballer_203459,high,opponent
rotoballer_202737,high,performance
rotoballer_202083,high,opponent
rotoballer_201456,high,performance
rotoballer_200664,high,performance
rotoballer_205311,low,performance
rotoballer_203934,low,performance
rotoballer_211947,low,injury
rotoballer_211711,low,injury
rotoballer_211678,low,injury
rotoballer_210033,medium,performance
rotoballer_209701,medium,injury
rotoballer_209291,low,performance
rotoballer_208281,low,performance
rotoballer_207825,low,opponent
rotoballer_206994,medium,injury
rotoballer_206953,medium,performance
rotoballer_206829,high,injury
rotoballer_206778,low,injury
rotoballer_206270,low,opponent
rotoballer_205643,low,performance
rotoballer_205035,medium,performance
rotoballer_204992,medium,performance
rotoballer_203774,medium,unknown
rotoballer_203535,medium,opponent
rotoballer_202776,medium,performance
rotoballer_202074,medium,opponent
rotoballer_201739,high,injury
rotoballer_201710,high,performance
rotoballer_201583,high,performance
rotoballer_201147,high,performance
rotoballer_209624,low,injury
rotoballer_202429,unknown,unknown
rotoballer_201624,low,injury
rotoballer_211390,low,opponent
rotoballer_211311,medium,performance
rotoballer_211007,medium,performance
rotoballer_210660,medium,performance
rotoballer_210290,medium,injury
rotoballer_210091,low,injury
rotoballer_209791,medium,injury
rotoballer_209531,medium,injury
rotoballer_209467,high,injury
rotoballer_209231,high,injury
rotoballer_209169,medium,injury
rotoballer_208419,low,injury
rotoballer_208145,low,injury
rotoballer_207988,high,injury
rotoballer_207695,low,opponent
rotoballer_207280,high,injury
rotoballer_206941,medium,opponent
rotoballer_206592,medium,injury
rotoballer_206232,high,performance
rotoballer_206099,high,injury
rotoballer_205487,high,performance
rotoballer_205412,high,injury
rotoballer_205218,high,opponent
rotoballer_204846,high,injury
rotoballer_204627,medium,injury
rotoballer_204480,high,injury
rotoballer_204457,high,injury
rotoballer_204134,medium,injury
rotoballer_204066,medium,opponent
rotoballer_203955,medium,injury
rotoballer_203918,medium,injury
rotoballer_203815,medium,injury
rotoballer_203763,medium,injury
rotoballer_203616,low,performance
rotoballer_210146,medium,performance
rotoballer_210073,low,injury
rotoballer_209921,low,injury
rotoballer_209845,low,injury
rotoballer_209785,low,injury
rotoballer_209585,low,injury
rotoballer_209508,low,injury
rotoballer_209506,low,injury
rotoballer_209298,low,performance
rotoballer_208947,low,performance
rotoballer_208798,low,performance
rotoballer_208495,low,performance
rotoballer_207689,low,performance
rotoballer_207427,low,performance
rotoballer_207131,medium,opponent
rotoballer_206824,low,injury
rotoballer_206619,high,injury
rotoballer_206083,high,injury
rotoballer_205854,high,injury
rotoballer_205583,low,opponent
rotoballer_204859,low,opponent
rotoballer_204245,low,performance
rotoballer_203543,low,performance
rotoballer_210633,high,performance
rotoballer_210617,high,performance
rotoballer_210467,high,injury
rotoballer_210396,high,injury
rotoballer_210211,high,performance
rotoballer_210032,high,performance
rotoballer_209965,high,performance
rotoballer_209828,medium,performance
rotoballer_209775,high,injury
rotoballer_209748,low,injury
rotoballer_209500,high,performance
rotoballer_209497,low,injury
rotoballer_209290,high,performance
rotoballer_208401,high,performance
rotoballer_208280,high,performance
rotoballer_208058,high,performance
rotoballer_207824,high,opponent
rotoballer_207580,high,performance
rotoballer_207369,medium,performance
rotoballer_206998,high,injury
rotoballer_206266,low,performance
rotoballer_206240,medium,performance
rotoballer_206150,low,injury
rotoballer_205916,medium,performance
rotoballer_205641,low,performance
rotoballer_205252,medium,performance
rotoballer_205036,medium,performance
rotoballer_203973,low,performance
rotoballer_203538,high,performance
rotoballer_210823,low,injury
rotoballer_210121,low,injury
rotoballer_209742,low,injury
rotoballer_212067,medium,opponent
rotoballer_211467,medium,opponent
rotoballer_210688,high,opponent
rotoballer_210613,low,injury
rotoballer_210463,low,injury
rotoballer_210377,low,injury
rotoballer_210009,high,opponent
rotoballer_209329,high,opponent
rotoballer_208605,high,performance
rotoballer_207528,high,opponent
rotoballer_207459,unknown,unknown
rotoballer_207254,high,injury
rotoballer_207116,unknown,unknown
rotoballer_207084,medium,opponent
rotoballer_206814,unknown,unknown
rotoballer_206450,unknown,unknown
rotoballer_206363,low,unknown
rotoballer_206030,high,unknown
rotoballer_205803,high,performance
rotoballer_205768,high,performance
rotoballer_205749,high,opponent
rotoballer_205613,high,opponent
rotoballer_205511,medium,injury
rotoballer_205477,low,injury
rotoballer_205359,medium,opponent
rotoballer_205294,medium,opponent
rotoballer_205194,medium,injury
rotoballer_204891,medium,injury
rotoballer_204630,unknown,unknown
rotoballer_204402,high,opponent
rotoballer_204333,high,opponent
rotoballer_204074,unknown,unknown
rotoballer_203752,medium,performance
rotoballer_203596,high,injury
rotoballer_212031,medium,opponent
rotoballer_211295,medium,performance
rotoballer_211189,low,opponent
rotoballer_210583,medium,performance
rotoballer_210130,medium,performance
rotoballer_209964,high,performance
rotoballer_209866,medium,injury
rotoballer_209797,high,injury
rotoballer_209372,high,performance
rotoballer_209238,high,performance
rotoballer_209157,medium,injury
rotoballer_209063,low,injury
rotoballer_208731,high,performance
rotoballer_208706,high,injury
rotoballer_208697,high,performance
rotoballer_208474,high,injury
rotoballer_208274,medium,performance
rotoballer_208184,medium,performance
rotoballer_208047,high,performance
rotoballer_207696,low,opponent
rotoballer_207043,medium,performance
rotoballer_206255,low,performance
rotoballer_204903,low,opponent
rotoballer_204743,medium,performance
rotoballer_204268,medium,performance
rotoballer_203473,medium,opponent
rotoballer_211337,low,injury
rotoballer_209592,low,injury
rotoballer_209153,low,injury
rotoballer_207012,low,performance
rotoballer_206112,low,opponent
rotoballer_205677,low,injury
rotoballer_204275,low,opponent
rotoballer_203606,low,opponent
rotoballer_203385,medium,performance
rotoballer_203316,medium,performance
rotoballer_203056,medium,performance
rotoballer_202452,low,unknown
rotoballer_202252,low,performance
rotoballer_201427,low,opponent
rotoballer_201095,low,performance
rotoballer_212097,high,opponent
rotoballer_211636,high,performance
rotoballer_211468,high,performance
rotoballer_210936,high,performance
rotoballer_210704,high,performance
rotoballer_210114,high,opponent
rotoballer_209539,high,opponent
rotoballer_209391,high,opponent
rotoballer_208399,high,performance
rotoballer_208324,high,opponent
rotoballer_208045,medium,opponent
rotoballer_207876,high,opponent
rotoballer_207115,high,opponent
rotoballer_206895,high,injury
rotoballer_206830,low,injury
rotoballer_206730,low,injury
rotoballer_206395,high,performance
rotoballer_205800,high,performance
rotoballer_205703,high,performance
rotoballer_204311,medium,opponent
rotoballer_203509,high,opponent
rotoballer_212163,high,performance
rotoballer_211916,low,performance
rotoballer_211690,medium,performance
rotoballer_211600,high,performance
rotoballer_211399,medium,injury
rotoballer_211391,low,performance
rotoballer_211106,low,performance
rotoballer_210842,medium,opponent
rotoballer_210805,medium,opponent
rotoballer_210440,medium,performance
rotoballer_210293,medium,performance
rotoballer_210141,medium,opponent
rotoballer_210039,high,injury
rotoballer_209839,medium,performance
rotoballer_209809,low,injury
rotoballer_209758,low,injury
rotoballer_209563,high,performance
rotoballer_209285,low,performance
rotoballer_209119,high,performance
rotoballer_209111,medium,opponent
rotoballer_208827,high,performance
rotoballer_208592,low,opponent
rotoballer_208392,low,performance
rotoballer_208150,medium,performance
rotoballer_207962,low,opponent
rotoballer_207872,low,opponent
rotoballer_207652,low,injury
rotoballer_207375,medium,performance
rotoballer_207199,high,injury
rotoballer_207099,high,injury
rotoballer_206946,medium,injury
rotoballer_206847,medium,injury
rotoballer_206766,low,injury
rotoballer_206551,medium,injury
rotoballer_206522,medium,performance
rotoballer_206448,high,injury
rotoballer_206325,high,injury
rotoballer_206166,high,injury
rotoballer_205914,medium,opponent
rotoballer_205674,high,injury
rotoballer_205336,medium,injury
rotoballer_205182,medium,performance
rotoballer_204994,low,injury
rotoballer_204290,medium,performance
rotoballer_208678,low,injury
rotoballer_211810,low,opponent
rotoballer_211702,low,opponent
rotoballer_211378,low,injury
rotoballer_211274,low,performance
rotoballer_211127,high,injury
rotoballer_210961,medium,performance
rotoballer_210854,low,injury
rotoballer_209970,low,performance
rotoballer_209266,low,performance
rotoballer_209170,low,performance
rotoballer_208411,low,performance
rotoballer_207745,low,performance
rotoballer_207644,low,injury
rotoballer_207376,low,injury
rotoballer_207106,low,performance
rotoballer_206952,medium,performance
rotoballer_206854,low,performance
rotoballer_206779,low,performance
rotoballer_206675,low,performance
rotoballer_206247,medium,opponent
rotoballer_205734,high,performance
rotoballer_204900,high,opponent
rotoballer_204741,high,performance
rotoballer_204160,high,performance
rotoballer_204018,medium,performance
rotoballer_203831,high,performance
rotoballer_203728,high,performance
rotoballer_203483,medium,opponent
rotoballer_212106,low,performance
rotoballer_211085,low,performance
rotoballer_209406,low,performance
rotoballer_207881,low,performance
rotoballer_206817,high,injury
rotoballer_206737,medium,injury
rotoballer_205705,low,opponent
rotoballer_205321,low,performance
rotoballer_203933,low,performance
rotoballer_211864,low,performance
rotoballer_211385,medium,injury
rotoballer_211352,low,performance
rotoballer_210568,medium,injury
rotoballer_210015,medium,performance
rotoballer_209888,high,performance
rotoballer_209033,medium,injury
rotoballer_208822,high,injury
rotoballer_208786,medium,injury
rotoballer_208716,medium,injury
rotoballer_208442,high,injury
rotoballer_208070,medium,injury
rotoballer_207809,high,injury
rotoballer_207367,medium,injury
rotoballer_206556,high,injury
rotoballer_206478,medium,injury
rotoballer_206301,high,injury
rotoballer_206022,medium,injury
rotoballer_205921,high,performance
rotoballer_205907,medium,performance
rotoballer_205723,low,performance
rotoballer_205713,low,injury
rotoballer_205525,low,injury
rotoballer_205462,medium,injury
rotoballer_204942,low,performance
rotoballer_204217,medium,performance
rotoballer_204009,low,performance
rotoballer_203826,low,performance
rotoballer_203634,high,performance
rotoballer_202825,medium,opponent
rotoballer_202488,low,performance
rotoballer_202108,medium,performance
rotoballer_201483,medium,performance
rotoballer_201418,low,opponent
rotoballer_200856,low,performance
rotoballer_211266,low,injury
rotoballer_211158,low,injury
rotoballer_210915,unknown,injury
rotoballer_210912,low,injury
rotoballer_210782,high,injury
rotoballer_210512,medium,injury
rotoballer_210442,high,injury
rotoballer_210439,high,injury
rotoballer_210213,medium,injury
rotoballer_210003,high,opponent
rotoballer_209574,low,injury
rotoballer_209410,high,injury
rotoballer_209219,high,injury
rotoballer_209069,high,injury
rotoballer_208993,high,injury
rotoballer_208831,medium,injury
rotoballer_208623,medium,injury
rotoballer_207121,medium,injury
rotoballer_206673,low,injury
rotoballer_206350,low,injury
rotoballer_205919,medium,performance
rotoballer_205715,medium,injury
rotoballer_205534,medium,injury
rotoballer_205327,medium,injury
rotoballer_212039,high,opponent
rotoballer_211914,medium,performance
rotoballer_211689,medium,performance
rotoballer_211510,high,opponent
rotoballer_211118,high,opponent
rotoballer_211040,high,performance
rotoballer_210977,high,injury
rotoballer_210775,high,performance
rotoballer_210530,medium,performance
rotoballer_210279,medium,performance
rotoballer_209980,medium,opponent
rotoballer_209698,low,opponent
rotoballer_209386,medium,opponent
rotoballer_209107,high,injury
rotoballer_208830,medium,performance
rotoballer_208799,medium,performance
rotoballer_208515,medium,opponent
rotoballer_208229,high,injury
rotoballer_208081,high,injury
rotoballer_208022,high,injury
rotoballer_207960,low,performance
rotoballer_207414,medium,performance
rotoballer_207176,low,performance
rotoballer_206971,medium,performance
rotoballer_206177,low,performance
rotoballer_205435,low,performance
rotoballer_205318,low,performance
rotoballer_204687,medium,performance
rotoballer_204578,low,performance
rotoballer_204190,low,injury
rotoballer_204005,medium,injury
rotoballer_203837,high,injury
rotoballer_212088,low,performance
rotoballer_211675,low,performance
rotoballer_211368,low,performance
rotoballer_210826,low,injury
rotoballer_210357,high,injury
rotoballer_210219,high,injury
rotoballer_210206,medium,injury
rotoballer_209326,low,performance
rotoballer_207764,low,injury
rotoballer_206974,low,injury
rotoballer_205576,low,unknown
rotoballer_205447,low,unknown
rotoballer_210736,low,injury
rotoballer_208538,low,injury
rotoballer_207627,medium,injury
rotoballer_207552,medium,injury
rotoballer_207540,low,injury
rotoballer_207339,low,injury
rotoballer_207235,unknown,injury
rotoballer_207226,low,injury
rotoballer_207173,medium,injury
rotoballer_206632,medium,injury
rotoballer_206329,medium,injury
rotoballer_211813,low,performance
rotoballer_211277,medium,injury
rotoballer_210784,medium,injury
rotoballer_209273,low,performance
rotoballer_207744,low,performance
rotoballer_207112,medium,opponent
rotoballer_206966,medium,unknown
rotoballer_206273,medium,performance
rotoballer_205913,medium,performance
rotoballer_205737,low,performance
rotoballer_204914,medium,injury
rotoballer_204162,low,performance
rotoballer_203489,low,opponent
rotoballer_202799,low,performance
rotoballer_202358,low,performance
rotoballer_202120,low,injury
rotoballer_201947,medium,injury
rotoballer_201913,medium,injury
rotoballer_201297,medium,injury
rotoballer_201221,low,performance
rotoballer_210684,low,performance
rotoballer_209387,low,performance
rotoballer_208219,low,performance
rotoballer_206812,low,opponent
rotoballer_204159,unknown,unknown
rotoballer_203621,low,unknown
rotoballer_206454,low,injury
rotoballer_206337,low,injury
rotoballer_205102,low,injury
rotoballer_205031,low,injury
rotoballer_208563,low,injury
rotoballer_211898,high,opponent
rotoballer_211862,medium,injury
rotoballer_211497,high,performance
rotoballer_211323,high,performance
rotoballer_211283,low,injury
rotoballer_211168,medium,injury
rotoballer_210939,medium,injury
rotoballer_210933,low,injury
rotoballer_210614,high,performance
rotoballer_209799,high,performance
rotoballer_208658,high,performance
rotoballer_207931,high,opponent
rotoballer_207435,high,performance
rotoballer_206416,high,opponent
rotoballer_205168,medium,opponent
rotoballer_205001,medium,opponent
rotoballer_204185,high,performance
rotoballer_203798,high,performance
rotoballer_203714,high,performance
rotoballer_208972,medium,injury
rotoballer_207957,low,injury
rotoballer_207408,medium,injury
rotoballer_212075,high,performance
rotoballer_211765,high,injury
rotoballer_211437,high,injury
rotoballer_211093,high,injury
rotoballer_210900,high,performance
rotoballer_210859,high,opponent
rotoballer_210834,high,injury
rotoballer_210819,low,injury
rotoballer_210705,high,performance
rotoballer_210612,high,performance
rotoballer_210507,high,injury
rotoballer_209676,low,unknown
rotoballer_209340,high,opponent
rotoballer_208891,high,performance
rotoballer_208575,high,opponent
rotoballer_208030,high,performance
rotoballer_207810,high,performance
rotoballer_207434,medium,opponent
rotoballer_207048,high,opponent
rotoballer_206505,high,performance
rotoballer_206307,high,performance
rotoballer_205813,high,performance
rotoballer_205619,high,opponent
rotoballer_205164,high,performance
rotoballer_204927,high,performance
rotoballer_204460,high,performance
rotoballer_204232,high,performance
rotoballer_203366,high,performance
rotoballer_203296,high,injury
rotoballer_203058,high,performance
rotoballer_202852,high,performance
rotoballer_202346,high,performance
rotoballer_202167,high,performance
rotoballer_201649,high,performance
rotoballer_201453,high,performance
rotoballer_201284,high,injury
rotoballer_201230,medium,injury
rotoballer_201061,high,performance
rotoballer_212129,high,injury
rotoballer_211508,high,injury
rotoballer_211126,high,performance
rotoballer_210935,high,performance
rotoballer_210695,high,performance
rotoballer_210194,high,performance
rotoballer_209890,high,performance
rotoballer_209383,high,opponent
rotoballer_208793,high,performance
rotoballer_208665,medium,performance
rotoballer_208516,high,injury
rotoballer_208343,low,injury
rotoballer_208285,medium,injury
rotoballer_208024,medium,performance
rotoballer_205426,medium,performance
rotoballer_211808,medium,injury
rotoballer_211697,medium,injury
rotoballer_212056,low,opponent
rotoballer_211542,medium,injury
rotoballer_211325,low,performance
rotoballer_211229,medium,injury
rotoballer_211037,medium,injury
rotoballer_210966,medium,injury
rotoballer_207858,unknown,unknown
rotoballer_207543,high,injury
rotoballer_207420,medium,injury
rotoballer_207316,low,injury
rotoballer_207206,high,performance
rotoballer_207128,medium,performance
rotoballer_206894,medium,unknown
rotoballer_206795,high,injury
rotoballer_206644,high,injury
rotoballer_204325,low,opponent
rotoballer_204077,low,injury
rotoballer_203689,low,injury
rotoballer_203583,high,opponent
rotoballer_203384,low,injury
rotoballer_203340,low,performance
rotoballer_201573,low,injury
rotoballer_208755,high,performance
rotoballer_208707,high,performance
rotoballer_208457,unknown,injury
rotoballer_208283,low,injury
rotoballer_207214,low,performance
rotoballer_207119,low,injury
rotoballer_206920,low,injury
rotoballer_206857,low,injury
rotoballer_206489,medium,performance
rotoballer_206434,medium,injury
rotoballer_206351,low,injury
rotoballer_206214,low,injury
rotoballer_206074,high,injury
rotoballer_205577,medium,injury
rotoballer_205481,low,injury
rotoballer_205391,medium,injury
rotoballer_205331,low,opponent
rotoballer_204820,medium,injury
rotoballer_204747,medium,injury
rotoballer_204678,medium,performance
rotoballer_204639,medium,performance
rotoballer_204395,medium,performance
rotoballer_204375,unknown,unknown
rotoballer_204342,low,injury
rotoballer_204099,medium,injury
rotoballer_204039,low,injury
rotoballer_203967,low,injury
rotoballer_203884,low,performance
rotoballer_203522,medium,performance
rotoballer_203219,medium,performance
rotoballer_202876,medium,performance
rotoballer_202457,medium,performance
rotoballer_202125,high,performance
rotoballer_201464,medium,performance
rotoballer_211762,low,performance
rotoballer_210427,low,performance
rotoballer_210310,medium,performance
rotoballer_209271,low,injury
rotoballer_209174,low,injury
rotoballer_208484,low,performance
rotoballer_208413,low,injury
rotoballer_207699,medium,performance
rotoballer_207200,medium,opponent
rotoballer_206925,medium,opponent
rotoballer_206837,high,opponent
rotoballer_205545,high,injury
rotoballer_205053,high,performance
rotoballer_204470,medium,performance
rotoballer_204163,high,injury
rotoballer_204073,high,injury
rotoballer_203896,high,injury
rotoballer_203784,medium,injury
rotoballer_203731,medium,injury
rotoballer_203662,high,injury
rotoballer_203427,high,injury
rotoballer_203328,medium,injury
rotoballer_211159,low,injury
rotoballer_211775,low,injury
rotoballer_211645,low,injury
rotoballer_211634,low,injury
rotoballer_211622,low,injury
rotoballer_210072,high,opponent
rotoballer_209549,high,performance
rotoballer_209293,low,opponent
rotoballer_208804,medium,performance
rotoballer_208493,low,opponent
rotoballer_208035,medium,performance
rotoballer_207685,high,performance
rotoballer_207372,high,performance
rotoballer_206938,medium,performance
rotoballer_206772,high,injury
rotoballer_206722,high,injury
rotoballer_206573,high,injury
rotoballer_205860,high,injury
rotoballer_205792,high,injury
rotoballer_205790,low,injury
rotoballer_205581,high,opponent
rotoballer_205138,high,performance
rotoballer_204860,high,opponent
rotoballer_204596,medium,opponent
rotoballer_204244,high,performance
rotoballer_203692,high,performance
rotoballer_203537,high,performance
rotoballer_203304,high,performance
rotoballer_205198,low,injury
rotoballer_205136,low,injury
rotoballer_205125,low,injury
rotoballer_205116,low,injury
rotoballer_204937,medium,opponent
rotoballer_204223,medium,unknown
rotoballer_204002,high,injury
rotoballer_203861,medium,performance
rotoballer_203521,medium,performance
rotoballer_211977,medium,performance
rotoballer_211068,medium,performance
rotoballer_210747,low,performance
rotoballer_210496,medium,injury
rotoballer_210437,low,performance
rotoballer_210300,medium,injury
rotoballer_210255,unknown,injury
rotoballer_210167,low,injury
rotoballer_210068,low,injury
rotoballer_209708,low,performance
rotoballer_209072,medium,injury
rotoballer_208617,low,injury
rotoballer_208207,medium,injury
rotoballer_207835,medium,injury
rotoballer_207345,low,performance
rotoballer_212162,unknown,performance
rotoballer_211559,high,performance
rotoballer_211248,low,injury
rotoballer_211152,medium,injury
rotoballer_211125,high,opponent
rotoballer_210945,medium,opponent
rotoballer_210844,medium,opponent
rotoballer_210734,medium,performance
rotoballer_210050,medium,performance
rotoballer_209283,medium,performance
rotoballer_209118,low,performance
rotoballer_208356,high,injury
rotoballer_208273,medium,injury
rotoballer_207878,medium,opponent
rotoballer_207722,medium,performance
rotoballer_207607,medium,performance
rotoballer_207510,medium,performance
rotoballer_205774,high,performance
rotoballer_205748,medium,performance
rotoballer_205673,high,performance
rotoballer_205531,high,injury
rotoballer_205465,high,performance
rotoballer_205381,high,injury
rotoballer_205162,high,performance
rotoballer_205103,high,performance
rotoballer_204995,high,injury
rotoballer_204815,high,injury
rotoballer_204748,high,performance
rotoballer_204542,medium,performance
rotoballer_204289,medium,performance
rotoballer_203028,medium,performance
rotoballer_202970,medium,injury
rotoballer_202892,high,performance
rotoballer_202716,medium,injury
rotoballer_202614,high,injury
rotoballer_202534,low,injury
rotoballer_202307,low,injury
rotoballer_202269,medium,injury
rotoballer_202238,medium,opponent
rotoballer_202223,medium,injury
rotoballer_202010,low,injury
rotoballer_201945,low,injury
rotoballer_201879,high,injury
rotoballer_201435,low,opponent
rotoballer_201134,high,performance
rotoballer_211318,medium,performance
rotoballer_211178,low,injury
rotoballer_210963,low,performance
rotoballer_210346,medium,injury
rotoballer_209659,low,performance
rotoballer_209120,high,performance
rotoballer_208839,medium,performance
rotoballer_208319,medium,performance
rotoballer_208154,medium,injury
rotoballer_208123,low,injury
rotoballer_208739,low,injury
rotoballer_208653,low,injury
rotoballer_207780,low,injury
rotoballer_207306,low,injury
rotoballer_211957,high,opponent
rotoballer_211824,high,injury
rotoballer_211726,medium,injury
rotoballer_211389,high,performance
rotoballer_211111,medium,performance
rotoballer_211005,medium,performance
rotoballer_210658,medium,performance
rotoballer_210359,medium,injury
rotoballer_210285,medium,injury
rotoballer_210271,low,injury
rotoballer_210253,low,injury
rotoballer_210090,low,injury
rotoballer_209953,low,injury
rotoballer_209935,low,injury
rotoballer_209918,low,injury
rotoballer_209859,low,injury
rotoballer_209751,medium,injury
rotoballer_209720,medium,injury
rotoballer_209666,medium,injury
rotoballer_209611,high,injury
rotoballer_209227,low,injury
rotoballer_209166,low,injury
rotoballer_209059,medium,injury
rotoballer_209021,medium,injury
rotoballer_208940,high,injury
rotoballer_208899,high,injury
rotoballer_208330,unknown,injury
rotoballer_207623,low,injury
rotoballer_207265,high,injury
rotoballer_206926,high,injury
rotoballer_206594,low,injury
rotoballer_205990,unknown,injury
rotoballer_205492,low,injury
rotoballer_204377,low,injury
rotoballer_204347,low,injury
rotoballer_203956,low,injury
rotoballer_203813,low,injury
rotoballer_203785,low,injury
rotoballer_203753,low,injury
rotoballer_203723,unknown,injury
rotoballer_203720,low,injury
rotoballer_203448,high,performance
rotoballer_212174,high,performance
rotoballer_211958,medium,performance
rotoballer_211761,medium,performance
rotoballer_211658,high,performance
rotoballer_211526,low,opponent
rotoballer_211116,medium,performance
rotoballer_210728,high,performance
rotoballer_210444,medium,opponent
rotoballer_210178,high,performance
rotoballer_210081,low,opponent
rotoballer_209422,low,performance
rotoballer_208621,low,performance
rotoballer_208143,low,performance
rotoballer_207444,low,performance
rotoballer_206374,medium,unknown
rotoballer_206145,low,injury
rotoballer_206060,low,injury
rotoballer_206050,low,performance
rotoballer_205858,unknown,unknown
rotoballer_205590,low,performance
rotoballer_205285,low,performance
rotoballer_204962,low,opponent
rotoballer_204183,medium,performance
rotoballer_203456,medium,injury
rotoballer_202801,high,performance
rotoballer_202153,low,opponent
rotoballer_201311,high,injury
rotoballer_208557,low,performance
rotoballer_205329,low,injury
rotoballer_204279,medium,injury
rotoballer_203771,low,injury
rotoballer_203488,medium,injury
rotoballer_203376,low,injury
rotoballer_209724,high,performance
rotoballer_209557,high,performance
rotoballer_209472,high,performance
rotoballer_209264,high,performance
rotoballer_209100,medium,performance
rotoballer_209055,medium,injury
rotoballer_208826,high,performance
rotoballer_208332,medium,unknown
rotoballer_208072,medium,injury
rotoballer_208002,high,performance
rotoballer_207741,high,injury
rotoballer_207483,medium,performance
rotoballer_207458,medium,performance
rotoballer_207287,high,injury
rotoballer_207257,low,injury
rotoballer_207196,medium,performance
rotoballer_207107,medium,performance
rotoballer_206916,high,performance
rotoballer_206731,low,injury
rotoballer_206706,medium,performance
rotoballer_206274,low,opponent
rotoballer_205738,medium,injury
rotoballer_204920,low,injury
rotoballer_204524,low,performance
rotoballer_204345,low,injury
rotoballer_204151,low,injury
rotoballer_204055,low,injury
rotoballer_203487,low,opponent
rotoballer_211851,medium,injury
rotoballer_211733,medium,injury
rotoballer_211642,high,injury
rotoballer_211619,unknown,unknown
rotoballer_211616,low,injury
rotoballer_211350,high,opponent
rotoballer_210573,medium,opponent
rotoballer_210490,medium,injury
rotoballer_210414,high,performance
rotoballer_210172,medium,performance
rotoballer_209933,medium,injury
rotoballer_209929,high,injury
rotoballer_209851,low,injury
rotoballer_209770,low,injury
rotoballer_209584,low,injury
rotoballer_209521,low,injury
rotoballer_209221,low,injury
rotoballer_208764,low,performance
rotoballer_208459,high,performance
rotoballer_207732,medium,performance
rotoballer_207730,low,injury
rotoballer_207615,medium,injury
rotoballer_207535,medium,performance
rotoballer_207469,high,performance
rotoballer_207371,unknown,unknown
rotoballer_207216,high,performance
rotoballer_207144,medium,injury
rotoballer_207083,low,injury
rotoballer_206919,low,injury
rotoballer_206853,low,injury
rotoballer_206773,low,injury
rotoballer_206684,high,performance
rotoballer_206583,low,injury
rotoballer_206500,high,injury
rotoballer_206493,low,injury
rotoballer_206225,medium,opponent
rotoballer_206167,medium,performance
rotoballer_205500,medium,performance
rotoballer_205483,low,injury
rotoballer_205458,low,injury
rotoballer_205386,low,injury
rotoballer_205291,unknown,injury
rotoballer_203208,medium,injury
rotoballer_201804,low,injury
rotoballer_201696,low,injury
rotoballer_201660,low,injury
rotoballer_201384,medium,performance
rotoballer_201132,medium,performance
rotoballer_212073,high,performance
rotoballer_211653,high,performance
rotoballer_211430,high,performance
rotoballer_210843,high,performance
rotoballer_210774,high,injury
rotoballer_210205,high,performance
rotoballer_210094,medium,opponent
rotoballer_209889,high,injury
rotoballer_209206,high,performance
rotoballer_209094,high,injury
rotoballer_208637,high,performance
rotoballer_207879,high,performance
rotoballer_207433,high,injury
rotoballer_206366,high,performance
rotoballer_205682,unknown,unknown
rotoballer_204779,high,performance
rotoballer_204711,low,opponent
rotoballer_204282,medium,unknown
rotoballer_203590,low,opponent
rotoballer_210328,low,injury
rotoballer_209486,low,injury
rotoballer_209258,low,injury
rotoballer_208525,low,performance
rotoballer_207687,low,performance
rotoballer_207426,low,performance
rotoballer_207129,low,opponent
rotoballer_206704,medium,injury
rotoballer_206021,low,unknown
rotoballer_205918,medium,injury
rotoballer_205628,low,performance
rotoballer_204161,unknown,unknown
rotoballer_211587,low,performance
rotoballer_207891,low,injury
rotoballer_205006,low,injury
rotoballer_204491,medium,injury
rotoballer_204369,low,injury
rotoballer_204198,low,injury
rotoballer_203766,low,injury
rotoballer_211028,low,performance
rotoballer_210706,low,performance
rotoballer_210302,low,performance
rotoballer_209703,unknown,unknown
rotoballer_209341,medium,unknown
rotoballer_208576,low,opponent
rotoballer_207812,low,opponent
rotoballer_207561,medium,performance
rotoballer_207320,low,injury
rotoballer_207047,low,performance
rotoballer_206654,low,opponent
rotoballer_205980,low,performance
rotoballer_205276,medium,performance
rotoballer_204943,low,performance
rotoballer_204622,unknown,unknown
rotoballer_204233,low,injury
rotoballer_203297,low,performance
rotoballer_212289,medium,opponent
rotoballer_211887,medium,performance
rotoballer_211688,medium,performance
rotoballer_211205,medium,opponent
rotoballer_210962,medium,performance
rotoballer_210716,high,performance
rotoballer_210356,medium,performance
rotoballer_210214,low,performance
rotoballer_210190,medium,performance
rotoballer_210038,low,performance
rotoballer_209558,low,injury
rotoballer_209355,low,performance
rotoballer_208942,low,performance
rotoballer_208668,medium,opponent
rotoballer_208156,medium,performance
rotoballer_207873,low,opponent
rotoballer_207547,medium,opponent
rotoballer_207392,high,performance
rotoballer_207137,low,opponent
rotoballer_206620,medium,performance
rotoballer_206354,medium,performance
rotoballer_206008,medium,performance
rotoballer_205332,low,performance
rotoballer_204982,low,performance
rotoballer_204662,low,injury
rotoballer_204494,low,injury
rotoballer_204408,low,injury
rotoballer_204203,low,performance
rotoballer_202376,low,injury
rotoballer_201538,low,injury
rotoballer_201300,low,injury
rotoballer_201298,low,injury
rotoballer_201296,low,injury
rotoballer_201209,medium,opponent
rotoballer_201114,low,injury
rotoballer_212026,medium,opponent
rotoballer_211298,medium,performance
rotoballer_211191,low,opponent
rotoballer_210582,low,performance
rotoballer_209894,high,opponent
rotoballer_209248,unknown,unknown
rotoballer_208501,high,opponent
rotoballer_207697,low,opponent
rotoballer_207044,low,performance
rotoballer_206254,low,opponent
rotoballer_205261,medium,performance
rotoballer_204897,low,performance
rotoballer_204632,low,performance
rotoballer_204262,medium,opponent
rotoballer_203472,low,performance
rotoballer_212170,high,performance
rotoballer_212093,medium,injury
rotoballer_211991,high,injury
rotoballer_211983,high,injury
rotoballer_211937,low,injury
rotoballer_211840,low,injury
rotoballer_211758,low,injury
rotoballer_211684,low,injury
rotoballer_211429,high,performance
rotoballer_211105,high,performance
rotoballer_210916,high,performance
rotoballer_210643,high,opponent
rotoballer_210529,medium,opponent
rotoballer_209457,high,performance
rotoballer_209136,high,injury
rotoballer_208771,medium,performance
rotoballer_208571,medium,injury
rotoballer_208278,medium,injury
rotoballer_207636,high,injury
rotoballer_207549,high,injury
rotoballer_207466,high,injury
rotoballer_207421,medium,injury
rotoballer_207338,medium,injury
rotoballer_207246,medium,performance
rotoballer_207211,high,injury
rotoballer_207162,high,injury
rotoballer_206755,medium,performance
rotoballer_206331,high,injury
rotoballer_206192,medium,injury
rotoballer_206170,high,injury
rotoballer_206004,medium,performance
rotoballer_205804,medium,performance
rotoballer_205640,low,performance
rotoballer_205474,medium,performance
rotoballer_205207,low,performance
rotoballer_205180,low,performance
rotoballer_205002,high,opponent
rotoballer_204214,low,injury
rotoballer_203914,low,performance
rotoballer_203547,low,performance
rotoballer_212107,low,opponent
rotoballer_211920,medium,performance
rotoballer_211695,medium,performance
rotoballer_211057,medium,performance
rotoballer_210792,low,performance
rotoballer_210304,low,performance
rotoballer_209827,low,performance
rotoballer_209669,high,performance
rotoballer_206084,low,performance
rotoballer_205893,medium,performance
rotoballer_205505,low,opponent
rotoballer_204308,low,injury
rotoballer_202391,low,injury
rotoballer_202303,unknown,unknown
rotoballer_202245,low,performance
rotoballer_201562,low,performance
rotoballer_212156,high,performance
rotoballer_211669,high,performance
rotoballer_211393,high,performance
rotoballer_210521,high,performance
rotoballer_210400,high,opponent
rotoballer_210325,high,performance
rotoballer_210036,high,performance
rotoballer_209515,medium,opponent
rotoballer_209314,high,performance
rotoballer_208954,medium,unknown
rotoballer_208625,high,opponent
rotoballer_208020,high,performance
rotoballer_207743,high,performance
rotoballer_207377,medium,opponent
rotoballer_207097,high,performance
rotoballer_206659,medium,opponent
rotoballer_206345,high,performance
rotoballer_205815,medium,opponent
rotoballer_205554,high,injury
rotoballer_205172,high,opponent
rotoballer_205032,high,performance
rotoballer_204540,high,performance
rotoballer_204313,high,performance
rotoballer_212014,low,performance
rotoballer_211373,low,performance
rotoballer_211043,low,performance
rotoballer_209963,low,unknown
rotoballer_209267,low,unknown
rotoballer_209168,low,unknown
rotoballer_208711,high,performance
rotoballer_208651,high,injury
rotoballer_208482,high,performance
rotoballer_208346,high,performance
rotoballer_208227,low,injury
rotoballer_208090,medium,performance
rotoballer_208063,medium,injury
rotoballer_208015,high,injury
rotoballer_207702,medium,performance
rotoballer_207645,medium,injury
rotoballer_207462,medium,injury
rotoballer_207299,medium,injury
rotoballer_206927,low,opponent
rotoballer_206891,low,opponent
rotoballer_205548,low,performance
rotoballer_205368,medium,injury
rotoballer_205054,low,injury
rotoballer_204782,low,injury
rotoballer_204561,medium,injury
rotoballer_204165,low,performance
rotoballer_203661,unknown,injury
rotoballer_203431,low,injury
rotoballer_209058,low,injury
rotoballer_207913,low,injury
rotoballer_207700,low,injury
rotoballer_207614,low,injury
rotoballer_207518,low,injury
rotoballer_207407,low,injury
rotoballer_206914,medium,injury
rotoballer_206879,medium,performance
rotoballer_206801,high,performance
rotoballer_205174,medium,performance
rotoballer_203930,high,performance
rotoballer_203793,high,performance
rotoballer_203516,high,performance
rotoballer_203166,high,performance
rotoballer_202806,high,performance
rotoballer_202629,high,performance
rotoballer_202351,high,performance
rotoballer_202100,high,performance
rotoballer_201496,high,performance
rotoballer_211861,medium,opponent
rotoballer_211751,medium,opponent
rotoballer_211387,medium,opponent
rotoballer_211354,medium,opponent
rotoballer_210572,medium,injury
rotoballer_210017,medium,injury
rotoballer_209971,low,injury
rotoballer_205720,high,performance
rotoballer_205353,medium,performance
rotoballer_204938,medium,performance
rotoballer_204708,medium,performance
rotoballer_204210,low,performance
rotoballer_203640,medium,opponent
rotoballer_209614,low,injury
rotoballer_209432,medium,injury
rotoballer_206961,low,injury
rotoballer_206732,medium,injury
rotoballer_206638,low,injury
rotoballer_206455,low,injury
rotoballer_206248,low,injury
rotoballer_205883,medium,injury
rotoballer_212116,high,performance
rotoballer_212038,high,performance
rotoballer_211480,medium,performance
rotoballer_211307,high,performance
rotoballer_210940,high,performance
rotoballer_210635,high,performance
rotoballer_210536,medium,injury
rotoballer_210391,medium,injury
rotoballer_210380,medium,injury
rotoballer_209665,low,injury
rotoballer_209632,low,injury
rotoballer_209441,medium,opponent
rotoballer_208808,high,performance
rotoballer_208587,high,performance
rotoballer_207846,medium,performance
rotoballer_207079,medium,performance
rotoballer_207037,low,opponent
rotoballer_206391,high,injury
rotoballer_206013,high,injury
rotoballer_205839,high,injury
rotoballer_205561,low,performance
rotoballer_204950,low,opponent
rotoballer_210693,low,opponent
rotoballer_210281,low,injury
rotoballer_210162,low,injury
rotoballer_210156,unknown,unknown
rotoballer_210134,medium,opponent
rotoballer_210000,low,performance
rotoballer_209565,low,performance
rotoballer_209389,medium,opponent
rotoballer_209172,low,injury
rotoballer_208881,medium,injury
rotoballer_208717,high,injury
rotoballer_208664,high,performance
rotoballer_208517,high,injury
rotoballer_208344,medium,injury
rotoballer_208286,high,performance
rotoballer_208240,medium,injury
rotoballer_208228,low,injury
rotoballer_208061,medium,performance
rotoballer_207997,low,injury
rotoballer_207395,low,performance
rotoballer_206627,medium,opponent
rotoballer_205430,low,performance
rotoballer_203992,low,injury
rotoballer_203619,low,injury
rotoballer_203480,low,injury
rotoballer_203378,low,injury
rotoballer_212122,low,opponent
rotoballer_212063,low,performance
rotoballer_211483,medium,opponent
rotoballer_211343,low,performance
rotoballer_211064,low,performance
rotoballer_210361,medium,injury
rotoballer_210278,high,injury
rotoballer_209731,medium,injury
rotoballer_209640,high,injury
rotoballer_209634,high,injury
rotoballer_209444,low,opponent
rotoballer_209171,low,opponent
rotoballer_208910,medium,performance
rotoballer_208591,high,performance
rotoballer_208318,medium,performance
rotoballer_208067,medium,injury
rotoballer_208049,medium,performance
rotoballer_207847,low,performance
rotoballer_207646,low,opponent
rotoballer_207300,medium,injury
rotoballer_207202,low,performance
rotoballer_207109,low,injury
rotoballer_206713,medium,injury
rotoballer_206612,medium,injury
rotoballer_206456,low,injury
rotoballer_206017,medium,injury
rotoballer_205938,medium,injury
rotoballer_205892,medium,injury
rotoballer_202926,low,injury
rotoballer_202664,low,injury
rotoballer_202502,medium,injury
rotoballer_208551,low,performance
rotoballer_205899,low,injury
rotoballer_205598,low,performance
rotoballer_208202,medium,injury
rotoballer_211879,medium,injury
rotoballer_211698,medium,performance
rotoballer_211417,high,performance
rotoballer_210970,high,performance
rotoballer_210656,high,injury
rotoballer_209877,high,performance
rotoballer_209780,high,injury
rotoballer_209179,high,injury
rotoballer_209141,unknown,unknown
rotoballer_209083,high,opponent
rotoballer_208767,high,performance
rotoballer_208566,high,opponent
rotoballer_208051,high,injury
rotoballer_207772,high,opponent
rotoballer_207266,high,performance
rotoballer_206984,high,opponent
rotoballer_206576,high,performance
rotoballer_206213,high,performance
rotoballer_205240,unknown,unknown
rotoballer_205071,medium,performance
rotoballer_204570,high,performance
rotoballer_204132,high,opponent
rotoballer_203751,high,performance
rotoballer_203423,high,opponent
rotoballer_211086,low,injury
rotoballer_211011,low,injury
rotoballer_210973,low,injury
rotoballer_210903,low,injury
rotoballer_210892,low,injury
rotoballer_210714,low,opponent
rotoballer_210438,low,opponent
rotoballer_210289,low,injury
rotoballer_210216,low,injury
rotoballer_210031,high,injury
rotoballer_209804,high,injury
rotoballer_209564,medium,injury
rotoballer_209550,unknown,unknown
rotoballer_209487,high,injury
rotoballer_209453,medium,injury
rotoballer_209370,high,injury
rotoballer_209235,low,injury
rotoballer_209160,low,injury
rotoballer_209076,low,injury
rotoballer_208908,low,injury
rotoballer_208892,low,injury
rotoballer_208646,medium,injury
rotoballer_208302,low,injury
rotoballer_208125,low,unknown
rotoballer_207991,high,injury
rotoballer_207943,low,injury
rotoballer_207855,low,injury
rotoballer_207739,low,injury
rotoballer_207592,low,injury
rotoballer_207537,low,injury
rotoballer_207478,low,injury
rotoballer_207419,low,injury
rotoballer_207259,low,injury
rotoballer_207132,high,performance
rotoballer_206422,medium,opponent
rotoballer_206382,medium,performance
rotoballer_206024,high,injury
rotoballer_205898,high,opponent
rotoballer_205277,high,performance
rotoballer_204970,medium,injury
rotoballer_204754,low,injury
rotoballer_204706,medium,injury
rotoballer_204699,low,injury
rotoballer_204481,medium,performance
rotoballer_202407,low,injury
rotoballer_202363,low,injury
rotoballer_202340,low,injury
rotoballer_202321,low,injury
rotoballer_202091,medium,opponent
rotoballer_201502,medium,opponent
rotoballer_201082,medium,performance
rotoballer_212095,high,injury
rotoballer_211799,high,injury
rotoballer_211691,high,injury
rotoballer_211414,medium,opponent
rotoballer_211336,medium,performance
rotoballer_210644,medium,performance
rotoballer_210296,medium,performance
rotoballer_209989,medium,performance
rotoballer_209458,low,performance
rotoballer_209173,low,injury
rotoballer_205638,high,performance
rotoballer_205344,high,performance
rotoballer_205192,high,performance
rotoballer_205003,high,opponent
rotoballer_204215,high,injury
rotoballer_204006,high,injury
rotoballer_203924,medium,injury
rotoballer_203913,high,performance
rotoballer_203531,high,performance
rotoballer_211931,low,injury
rotoballer_211884,low,injury
rotoballer_211687,high,injury
rotoballer_211259,unknown,injury
rotoballer_211029,medium,injury
rotoballer_210902,low,injury
rotoballer_210856,low,injury
rotoballer_210802,low,injury
rotoballer_210777,high,injury
rotoballer_210534,high,injury
rotoballer_210341,low,performance
rotoballer_209967,low,injury
rotoballer_209167,low,injury
rotoballer_209040,low,injury
rotoballer_208820,high,injury
rotoballer_208773,medium,injury
rotoballer_208728,high,injury
rotoballer_208511,medium,injury
rotoballer_208224,medium,injury
rotoballer_208062,high,injury
rotoballer_207797,low,injury
rotoballer_207709,low,performance
rotoballer_207160,low,injury
rotoballer_206558,low,performance
rotoballer_206449,medium,injury
rotoballer_206212,low,injury
rotoballer_206026,medium,injury
rotoballer_205894,low,performance
rotoballer_205540,low,injury
rotoballer_205439,low,injury
rotoballer_205302,unknown,unknown
rotoballer_205088,medium,injury
rotoballer_204834,low,injury
rotoballer_204111,low,performance
rotoballer_211081,low,injury
rotoballer_210822,low,injury
rotoballer_210602,low,injury
rotoballer_210499,unknown,injury
rotoballer_209950,low,injury
rotoballer_209875,low,injury
rotoballer_209608,low,injury
rotoballer_208374,low,injury
rotoballer_208091,low,injury
rotoballer_206825,low,injury
rotoballer_206043,low,injury
rotoballer_205448,low,injury
rotoballer_204648,low,injury
rotoballer_204029,low,injury
rotoballer_212200,high,opponent
rotoballer_212055,high,injury
rotoballer_211806,high,injury
rotoballer_211686,medium,performance
rotoballer_211591,high,injury
rotoballer_211536,high,injury
rotoballer_211317,high,injury
rotoballer_211209,high,injury
rotoballer_211129,high,injury
rotoballer_211035,medium,injury
rotoballer_210958,high,injury
rotoballer_210721,low,opponent
rotoballer_210344,medium,injury
rotoballer_210287,low,injury
rotoballer_209552,low,injury
rotoballer_209307,low,injury
rotoballer_208893,low,performance
rotoballer_208650,high,injury
rotoballer_208389,medium,performance
rotoballer_208210,medium,injury
rotoballer_207179,low,performance
rotoballer_206600,medium,performance
rotoballer_206451,low,performance
rotoballer_206426,medium,performance
rotoballer_206205,medium,injury
rotoballer_205951,low,injury
rotoballer_205901,medium,performance
rotoballer_205874,low,unknown
rotoballer_204972,medium,injury
rotoballer_204718,medium,injury
rotoballer_204394,low,performance
rotoballer_204385,low,performance
rotoballer_204304,high,performance
rotoballer_204072,high,injury
rotoballer_203875,high,injury
rotoballer_203842,medium,performance
rotoballer_203759,high,performance
rotoballer_203750,high,performance
rotoballer_203501,high,injury
rotoballer_203382,medium,injury
rotoballer_203341,high,injury
rotoballer_203334,medium,injury
rotoballer_203303,high,injury
rotoballer_203389,low,injury
rotoballer_203306,low,injury
rotoballer_203817,low,injury
rotoballer_203769,low,injury
rotoballer_203734,low,injury
rotoballer_210236,low,injury
rotoballer_204882,low,injury
rotoballer_204255,low,injury
rotoballer_203561,medium,injury
rotoballer_211119,high,performance
rotoballer_210452,medium,performance
rotoballer_210428,high,performance
rotoballer_209856,high,injury
rotoballer_209763,high,performance
rotoballer_207023,low,injury
rotoballer_206011,low,injury
rotoballer_205967,unknown,injury
rotoballer_205868,low,injury
rotoballer_205836,low,injury
rotoballer_205799,low,injury
rotoballer_205794,low,injury
rotoballer_205788,low,injury
rotoballer_205786,low,injury
rotoballer_205563,high,performance
rotoballer_205176,high,performance
rotoballer_204951,high,opponent
rotoballer_204057,high,performance
rotoballer_204001,high,performance
rotoballer_203900,medium,performance
rotoballer_203500,high,performance
